{
  "loss": 0.5215686559677124,
  "accuracy": 0.7532467246055603,
  "precision": 0.660377358490566,
  "recall": 0.6363636363636364,
  "f1": 0.6481481481481481
}