{
  "loss": 0.5496624112129211,
  "accuracy": 0.7467532753944397,
  "precision": 0.6428571428571429,
  "recall": 0.6545454545454545,
  "f1": 0.6486486486486486
}